#Additional Tags and their connected info;;;;;;;;;;;;;;x,,,,,,,,,,,,,,,,,,,,,,,,,,,,,,,,,,,,,,,,,,,,,,,,,,,,,,,,,,,,,,,,,,,,,,,,,,,,,,,,
#############################################;;;;;;;;;;;;;;x,,,,,,,,,,,,,,,,,,,,,,,,,,,,,,,,,,,,,,,,,,,,,,,,,,,,,,,,,,,,,,,,,,,,,,,,,,,,,,,,
SEN;Senusiyya;Senusiyya;Senusiyya;;Senusiyya;;;;;;;;;x;;;;
SEN_ADJ;Senussi;;;;;;;;;;;;;x
#############################################;;;;;;;;;;;;;;x,,,,,,,,,,,,,,,,,,,,,,,,,,,,,,,,,,,,,,,,,,,,,,,,,,,,,,,,,,,,,,,,,,,,,,,,,,,,,,,,
#Decisions;;;;;;;;;;;;;;;;;x
pressure_the_north_italians_title;Pressure North Italian Union;;;;;;;;;;;;;;;;;;;;;;;;;x;;;;;;
pressure_the_north_italians_desc;With our influence over the independent states in northern italy we can 'convince' them to join Sardinia-Piedmont if that suits our aims in the region.;;;;;;;;;;;;;;;;;;;;;;;;;x;;;;;;;
#############################################;;;;;;;;;;;;;;x,,,,,,,,,,,,,,,,,,,,,,,,,,,,,,,,,,,,,,,,,,,,,,,,,,,,,,,,,,,,,,,,,,,,,,,,,,,,,,,,
GW_NAME;Intermezzo;;;;;;;;;;;x,,,,,,,,,,,,,,,,,,,,,,,,,,,,,,,,,,,,,,,,,,,,,,,,,,,,,,,,,,,,,,,,,,,,,,,,,,,,,,,,
GW_DESC;In this year the house of Romanov shall celebrate the 300th anniversary of its succession to the russian throne as Stalin travels to Vienna to further his studies.;;;;;;;;;;;x,,,,,,,,,,,,,,,,,,,,,,,,,,,,,,,,,,,,,,,,,,,,,,,,,,,,,,,,,,,,,,,,,,,,,,,,,,,,,,,,
#############################################;;;;;;;;;;;;;;x,,,,,,,,,,,,,,,,,,,,,,,,,,,,,,,,,,,,,,,,,,,,,,,,,,,,,,,,,,,,,,,,,,,,,,,,,,,,,,,,
#############State Nations##############;;;;;;;;;;;;;x,,,,
SMA_ADJ;Small;;;;;;;;;;;,,,,
SMA;Small State;;;;;;;;;;;,,,,
MED_ADJ;Medium;;;;;;;;;;;,,,,
MED;Medium State;;;;;;;;;;;,,,,
LRG_ADJ;Large;;;;;;;;;;;,,,,
LRG;Large State;;;;;;;;;;;,,,,
HUG_ADJ;Huge;;;;;;;;;;;,,,,
HUG;Huge State;;;;;;;;;;;,,,,
#Additional CBs;;;;;;;;;;;;;;x,,,,,,,,,,,,,,,,,,,,,,,,,,,,,,,,,,,,,,,,,,,,,,,,,,,,,,,,,,,,,,,,,,,,,,,,,,,,,,,,
#############################################;;;;;;;;;;;;;;x,,,,,,,,,,,,,,,,,,,,,,,,,,,,,,,,,,,,,,,,,,,,,,,,,,,,,,,,,,,,,,,,,,,,,,,,,,,,,,,,
acquire_core_state_small;Take Small Core State (10);;;;;;;;;;;,,,,,,,,,,,,,,,,,,,,,,,,,,,,,,,,,,,,,,,,,,,,,,,,,,,,,,,,,,,,,,,,,,,,,,,,,,,,,,,,
acquire_core_state_small_short;(10) $STATE$;;;;;;;;;;;,,,,,,,,,,,,,,,,,,,,,,,,,,,,,,,,,,,,,,,,,,,,,,,,,,,,,,,,,,,,,,,,,,,,,,,,,,,,,,,,
acquire_core_state_small_desc;This CB fixes the warscore value in order to keep warscore values consistent and prevent exploits. These values are halved during Great Wars.;;;;;;;;;;;,,,,,,,,,,,,,,,,,,,,,,,,,,,,,,,,,,,,,,,,,,,,,,,,,,,,,,,,,,,,,,,,,,,,,,,,,,,,,,,,
acquire_core_state_small_setup;Demand that $RECIPIENT$ secede territory.;;;;;;;;;;;,,,,,,,,,,,,,,,,,,,,,,,,,,,,,,,,,,,,,,,,,,,,,,,,,,,,,,,,,,,,,,,,,,,,,,,,,,,,,,,,
acquire_core_state_medium;Take Medium Core State (16);;;;;;;;;;;,,,,,,,,,,,,,,,,,,,,,,,,,,,,,,,,,,,,,,,,,,,,,,,,,,,,,,,,,,,,,,,,,,,,,,,,,,,,,,,,
acquire_core_state_medium_short;(16) $STATE$;;;;;;;;;;;,,,,,,,,,,,,,,,,,,,,,,,,,,,,,,,,,,,,,,,,,,,,,,,,,,,,,,,,,,,,,,,,,,,,,,,,,,,,,,,,
acquire_core_state_medium_desc;This CB fixes the warscore value in order to keep warscore values consistent and prevent exploits. These values are halved during Great Wars.;;;;;;;;;;;,,,,,,,,,,,,,,,,,,,,,,,,,,,,,,,,,,,,,,,,,,,,,,,,,,,,,,,,,,,,,,,,,,,,,,,,,,,,,,,,
acquire_core_state_medium_setup;Demand that $RECIPIENT$ secede territory.;;;;;;;;;;;,,,,,,,,,,,,,,,,,,,,,,,,,,,,,,,,,,,,,,,,,,,,,,,,,,,,,,,,,,,,,,,,,,,,,,,,,,,,,,,,
acquire_core_state_large;Take Large State (21);;;;;;;;;;;,,,,,,,,,,,,,,,,,,,,,,,,,,,,,,,,,,,,,,,,,,,,,,,,,,,,,,,,,,,,,,,,,,,,,,,,,,,,,,,,
acquire_core_state_large_short;(21) $STATE$;;;;;;;;;;;,,,,,,,,,,,,,,,,,,,,,,,,,,,,,,,,,,,,,,,,,,,,,,,,,,,,,,,,,,,,,,,,,,,,,,,,,,,,,,,,
acquire_core_state_large_desc;This CB fixes the warscore value in order to keep warscore values consistent and prevent exploits. These values are halved during Great Wars.;;;;;;;;;;;,,,,,,,,,,,,,,,,,,,,,,,,,,,,,,,,,,,,,,,,,,,,,,,,,,,,,,,,,,,,,,,,,,,,,,,,,,,,,,,,
acquire_core_state_large_setup;Demand that $RECIPIENT$ secede territory.;;;;;;;;;;;,,,,,,,,,,,,,,,,,,,,,,,,,,,,,,,,,,,,,,,,,,,,,,,,,,,,,,,,,,,,,,,,,,,,,,,,,,,,,,,,
acquire_core_state_huge;Take Huge State (26);;;;;;;;;;;,,,,,,,,,,,,,,,,,,,,,,,,,,,,,,,,,,,,,,,,,,,,,,,,,,,,,,,,,,,,,,,,,,,,,,,,,,,,,,,,
acquire_core_state_huge_short;(26) $STATE$;;;;;;;;;;;,,,,,,,,,,,,,,,,,,,,,,,,,,,,,,,,,,,,,,,,,,,,,,,,,,,,,,,,,,,,,,,,,,,,,,,,,,,,,,,,
acquire_core_state_huge_desc;This CB fixes the warscore value in order to keep warscore values consistent and prevent exploits. These values are halved during Great Wars.;;;;;;;;;;;,,,,,,,,,,,,,,,,,,,,,,,,,,,,,,,,,,,,,,,,,,,,,,,,,,,,,,,,,,,,,,,,,,,,,,,,,,,,,,,,
acquire_core_state_huge_setup;Demand that $RECIPIENT$ secede territory.;;;;;;;;;;;,,,,,,,,,,,,,,,,,,,,,,,,,,,,,,,,,,,,,,,,,,,,,,,,,,,,,,,,,,,,,,,,,,,,,,,,,,,,,,,,
acquire_state_small;Take Small State Earlygame (28);;;;;;;;;;;,,,,,,,,,,,,,,,,,,,,,,,,,,,,,,,,,,,,,,,,,,,,,,,,,,,,,,,,,,,,,,,,,,,,,,,,,,,,,,,,
acquire_state_small_short;(28) $STATE$;;;;;;;;;;;,,,,,,,,,,,,,,,,,,,,,,,,,,,,,,,,,,,,,,,,,,,,,,,,,,,,,,,,,,,,,,,,,,,,,,,,,,,,,,,,
acquire_state_small_desc;This CB fixes the warscore value in order to keep warscore values consistent and prevent exploits. These values are halved during Great Wars.;;;;;;;;;;;,,,,,,,,,,,,,,,,,,,,,,,,,,,,,,,,,,,,,,,,,,,,,,,,,,,,,,,,,,,,,,,,,,,,,,,,,,,,,,,,
acquire_state_small_setup;Demand that $RECIPIENT$ secede territory.;;;;;;;;;;;,,,,,,,,,,,,,,,,,,,,,,,,,,,,,,,,,,,,,,,,,,,,,,,,,,,,,,,,,,,,,,,,,,,,,,,,,,,,,,,,
acquire_state_medium;Take Medium State Earlygame (42);;;;;;;;;;;,,,,,,,,,,,,,,,,,,,,,,,,,,,,,,,,,,,,,,,,,,,,,,,,,,,,,,,,,,,,,,,,,,,,,,,,,,,,,,,,
acquire_state_medium_short;(42) $STATE$;;;;;;;;;;;,,,,,,,,,,,,,,,,,,,,,,,,,,,,,,,,,,,,,,,,,,,,,,,,,,,,,,,,,,,,,,,,,,,,,,,,,,,,,,,,
acquire_state_medium_desc;This CB fixes the warscore value in order to keep warscore values consistent and prevent exploits. These values are halved during Great Wars.;;;;;;;;;;;,,,,,,,,,,,,,,,,,,,,,,,,,,,,,,,,,,,,,,,,,,,,,,,,,,,,,,,,,,,,,,,,,,,,,,,,,,,,,,,,
acquire_state_medium_setup;Demand that $RECIPIENT$ secede territory.;;;;;;;;;;;,,,,,,,,,,,,,,,,,,,,,,,,,,,,,,,,,,,,,,,,,,,,,,,,,,,,,,,,,,,,,,,,,,,,,,,,,,,,,,,,
acquire_state_large;Take Large State Earlygame (58);;;;;;;;;;;,,,,,,,,,,,,,,,,,,,,,,,,,,,,,,,,,,,,,,,,,,,,,,,,,,,,,,,,,,,,,,,,,,,,,,,,,,,,,,,,
acquire_state_large_short;(58) $STATE$;;;;;;;;;;;,,,,,,,,,,,,,,,,,,,,,,,,,,,,,,,,,,,,,,,,,,,,,,,,,,,,,,,,,,,,,,,,,,,,,,,,,,,,,,,,
acquire_state_large_desc;This CB fixes the warscore value in order to keep warscore values consistent and prevent exploits. These values are halved during Great Wars.;;;;;;;;;;;,,,,,,,,,,,,,,,,,,,,,,,,,,,,,,,,,,,,,,,,,,,,,,,,,,,,,,,,,,,,,,,,,,,,,,,,,,,,,,,,
acquire_state_large_setup;Demand that $RECIPIENT$ secede territory.;;;;;;;;;;;,,,,,,,,,,,,,,,,,,,,,,,,,,,,,,,,,,,,,,,,,,,,,,,,,,,,,,,,,,,,,,,,,,,,,,,,,,,,,,,,
acquire_state_huge;Take Huge State Earlygame (80);;;;;;;;;;;,,,,,,,,,,,,,,,,,,,,,,,,,,,,,,,,,,,,,,,,,,,,,,,,,,,,,,,,,,,,,,,,,,,,,,,,,,,,,,,,
acquire_state_huge_short;(80) $STATE$;;;;;;;;;;;,,,,,,,,,,,,,,,,,,,,,,,,,,,,,,,,,,,,,,,,,,,,,,,,,,,,,,,,,,,,,,,,,,,,,,,,,,,,,,,,
acquire_state_huge_desc;This CB fixes the warscore value in order to keep warscore values consistent and prevent exploits. These values are halved during Great Wars.;;;;;;;;;;;,,,,,,,,,,,,,,,,,,,,,,,,,,,,,,,,,,,,,,,,,,,,,,,,,,,,,,,,,,,,,,,,,,,,,,,,,,,,,,,,
acquire_state_huge_setup;Demand that $RECIPIENT$ secede territory.;;;;;;;;;;;,,,,,,,,,,,,,,,,,,,,,,,,,,,,,,,,,,,,,,,,,,,,,,,,,,,,,,,,,,,,,,,,,,,,,,,,,,,,,,,,
acquire_state_small_midgame;Take Small State Midgame (24);;;;;;;;;;;,,,,,,,,,,,,,,,,,,,,,,,,,,,,,,,,,,,,,,,,,,,,,,,,,,,,,,,,,,,,,,,,,,,,,,,,,,,,,,,,
acquire_state_small_midgame_short;(24) $STATE$;;;;;;;;;;;,,,,,,,,,,,,,,,,,,,,,,,,,,,,,,,,,,,,,,,,,,,,,,,,,,,,,,,,,,,,,,,,,,,,,,,,,,,,,,,,
acquire_state_small_midgame_desc;This CB fixes the warscore value in order to keep warscore values consistent and prevent exploits. These values are halved during Great Wars.;;;;;;;;;;;,,,,,,,,,,,,,,,,,,,,,,,,,,,,,,,,,,,,,,,,,,,,,,,,,,,,,,,,,,,,,,,,,,,,,,,,,,,,,,,,
acquire_state_small_midgame_setup;Demand that $RECIPIENT$ secede territory.;;;;;;;;;;;,,,,,,,,,,,,,,,,,,,,,,,,,,,,,,,,,,,,,,,,,,,,,,,,,,,,,,,,,,,,,,,,,,,,,,,,,,,,,,,,
acquire_state_medium_midgame;Take Medium State Midgame (33);;;;;;;;;;;,,,,,,,,,,,,,,,,,,,,,,,,,,,,,,,,,,,,,,,,,,,,,,,,,,,,,,,,,,,,,,,,,,,,,,,,,,,,,,,,
acquire_state_medium_midgame_short;(33) $STATE$;;;;;;;;;;;,,,,,,,,,,,,,,,,,,,,,,,,,,,,,,,,,,,,,,,,,,,,,,,,,,,,,,,,,,,,,,,,,,,,,,,,,,,,,,,,
acquire_state_medium_midgame_desc;This CB fixes the warscore value in order to keep warscore values consistent and prevent exploits. These values are halved during Great Wars.;;;;;;;;;;;,,,,,,,,,,,,,,,,,,,,,,,,,,,,,,,,,,,,,,,,,,,,,,,,,,,,,,,,,,,,,,,,,,,,,,,,,,,,,,,,
acquire_state_medium_midgame_setup;Demand that $RECIPIENT$ secede territory.;;;;;;;;;;;,,,,,,,,,,,,,,,,,,,,,,,,,,,,,,,,,,,,,,,,,,,,,,,,,,,,,,,,,,,,,,,,,,,,,,,,,,,,,,,,
acquire_state_large_midgame;Take Large State Midgame (43);;;;;;;;;;;,,,,,,,,,,,,,,,,,,,,,,,,,,,,,,,,,,,,,,,,,,,,,,,,,,,,,,,,,,,,,,,,,,,,,,,,,,,,,,,,
acquire_state_large_midgame_short;(43) $STATE$;;;;;;;;;;;,,,,,,,,,,,,,,,,,,,,,,,,,,,,,,,,,,,,,,,,,,,,,,,,,,,,,,,,,,,,,,,,,,,,,,,,,,,,,,,,
acquire_state_large_midgame_desc;This CB fixes the warscore value in order to keep warscore values consistent and prevent exploits. These values are halved during Great Wars.;;;;;;;;;;;,,,,,,,,,,,,,,,,,,,,,,,,,,,,,,,,,,,,,,,,,,,,,,,,,,,,,,,,,,,,,,,,,,,,,,,,,,,,,,,,
acquire_state_large_midgame_setup;Demand that $RECIPIENT$ secede territory.;;;;;;;;;;;,,,,,,,,,,,,,,,,,,,,,,,,,,,,,,,,,,,,,,,,,,,,,,,,,,,,,,,,,,,,,,,,,,,,,,,,,,,,,,,,
acquire_state_huge_midgame;Take Huge State Midgame (62);;;;;;;;;;;,,,,,,,,,,,,,,,,,,,,,,,,,,,,,,,,,,,,,,,,,,,,,,,,,,,,,,,,,,,,,,,,,,,,,,,,,,,,,,,,
acquire_state_huge_midgame_short;(62) $STATE$;;;;;;;;;;;,,,,,,,,,,,,,,,,,,,,,,,,,,,,,,,,,,,,,,,,,,,,,,,,,,,,,,,,,,,,,,,,,,,,,,,,,,,,,,,,
acquire_state_huge_midgame_desc;This CB fixes the warscore value in order to keep warscore values consistent and prevent exploits. These values are halved during Great Wars.;;;;;;;;;;;,,,,,,,,,,,,,,,,,,,,,,,,,,,,,,,,,,,,,,,,,,,,,,,,,,,,,,,,,,,,,,,,,,,,,,,,,,,,,,,,
acquire_state_huge_midgame_setup;Demand that $RECIPIENT$ secede territory.;;;;;;;;;;;,,,,,,,,,,,,,,,,,,,,,,,,,,,,,,,,,,,,,,,,,,,,,,,,,,,,,,,,,,,,,,,,,,,,,,,,,,,,,,,,
acquire_state_small_late;Take Small State Lategame (18);;;;;;;;;;;,,,,,,,,,,,,,,,,,,,,,,,,,,,,,,,,,,,,,,,,,,,,,,,,,,,,,,,,,,,,,,,,,,,,,,,,,,,,,,,,
acquire_state_small_late_short;(18) $STATE$;;;;;;;;;;;,,,,,,,,,,,,,,,,,,,,,,,,,,,,,,,,,,,,,,,,,,,,,,,,,,,,,,,,,,,,,,,,,,,,,,,,,,,,,,,,
acquire_state_small_late_desc;This CB fixes the warscore value in order to keep warscore values consistent and prevent exploits. These values are halved during Great Wars.;;;;;;;;;;;,,,,,,,,,,,,,,,,,,,,,,,,,,,,,,,,,,,,,,,,,,,,,,,,,,,,,,,,,,,,,,,,,,,,,,,,,,,,,,,,
acquire_state_small_late_setup;Demand that $RECIPIENT$ secede territory.;;;;;;;;;;;,,,,,,,,,,,,,,,,,,,,,,,,,,,,,,,,,,,,,,,,,,,,,,,,,,,,,,,,,,,,,,,,,,,,,,,,,,,,,,,,
acquire_state_medium_late;Take Medium State lategame (25);;;;;;;;;;;,,,,,,,,,,,,,,,,,,,,,,,,,,,,,,,,,,,,,,,,,,,,,,,,,,,,,,,,,,,,,,,,,,,,,,,,,,,,,,,,
acquire_state_medium_late_short;(25) $STATE$;;;;;;;;;;;,,,,,,,,,,,,,,,,,,,,,,,,,,,,,,,,,,,,,,,,,,,,,,,,,,,,,,,,,,,,,,,,,,,,,,,,,,,,,,,,
acquire_state_medium_late_desc;This CB fixes the warscore value in order to keep warscore values consistent and prevent exploits. These values are halved during Great Wars.;;;;;;;;;;;,,,,,,,,,,,,,,,,,,,,,,,,,,,,,,,,,,,,,,,,,,,,,,,,,,,,,,,,,,,,,,,,,,,,,,,,,,,,,,,,
acquire_state_medium_late_setup;Demand that $RECIPIENT$ secede territory.;;;;;;;;;;;,,,,,,,,,,,,,,,,,,,,,,,,,,,,,,,,,,,,,,,,,,,,,,,,,,,,,,,,,,,,,,,,,,,,,,,,,,,,,,,,
acquire_state_large_late;Take Large State Lategame (33);;;;;;;;;;;,,,,,,,,,,,,,,,,,,,,,,,,,,,,,,,,,,,,,,,,,,,,,,,,,,,,,,,,,,,,,,,,,,,,,,,,,,,,,,,,
acquire_state_large_late_short;(33) $STATE$;;;;;;;;;;;,,,,,,,,,,,,,,,,,,,,,,,,,,,,,,,,,,,,,,,,,,,,,,,,,,,,,,,,,,,,,,,,,,,,,,,,,,,,,,,,
acquire_state_large_late_desc;This CB fixes the warscore value in order to keep warscore values consistent and prevent exploits. These values are halved during Great Wars.;;;;;;;;;;;,,,,,,,,,,,,,,,,,,,,,,,,,,,,,,,,,,,,,,,,,,,,,,,,,,,,,,,,,,,,,,,,,,,,,,,,,,,,,,,,
acquire_state_large_late_setup;Demand that $RECIPIENT$ secede territory.;;;;;;;;;;;,,,,,,,,,,,,,,,,,,,,,,,,,,,,,,,,,,,,,,,,,,,,,,,,,,,,,,,,,,,,,,,,,,,,,,,,,,,,,,,,
acquire_state_huge_late;Take Huge State Lategame (50);;;;;;;;;;;,,,,,,,,,,,,,,,,,,,,,,,,,,,,,,,,,,,,,,,,,,,,,,,,,,,,,,,,,,,,,,,,,,,,,,,,,,,,,,,,
acquire_state_huge_late_short;(50) $STATE$;;;;;;;;;;;,,,,,,,,,,,,,,,,,,,,,,,,,,,,,,,,,,,,,,,,,,,,,,,,,,,,,,,,,,,,,,,,,,,,,,,,,,,,,,,,
acquire_state_huge_late_desc;This CB fixes the warscore value in order to keep warscore values consistent and prevent exploits. These values are halved during Great Wars.;;;;;;;;;;;,,,,,,,,,,,,,,,,,,,,,,,,,,,,,,,,,,,,,,,,,,,,,,,,,,,,,,,,,,,,,,,,,,,,,,,,,,,,,,,,
acquire_state_huge_late_setup;Demand that $RECIPIENT$ secede territory.;;;;;;;;;;;,,,,,,,,,,,,,,,,,,,,,,,,,,,,,,,,,,,,,,,,,,,,,,,,,,,,,,,,,,,,,,,,,,,,,,,,,,,,,,,,
take_capital_small_earlygame;Take Small Capital Earlygame (60);;;;;;;;;;;,,,,,,,,,,,,,,,,,,,,,,,,,,,,,,,,,,,,,,,,,,,,,,,,,,,,,,,,,,,,,,,,,,,,,,,,,,,,,,,,
take_capital_small_earlygame_short;(60) $STATE$;;;;;;;;;;;,,,,,,,,,,,,,,,,,,,,,,,,,,,,,,,,,,,,,,,,,,,,,,,,,,,,,,,,,,,,,,,,,,,,,,,,,,,,,,,,
take_capital_small_earlygame_desc;This CB fixes the warscore value in order to keep warscore values consistent and prevent exploits. These values are halved during Great Wars.;;;;;;;;;;;,,,,,,,,,,,,,,,,,,,,,,,,,,,,,,,,,,,,,,,,,,,,,,,,,,,,,,,,,,,,,,,,,,,,,,,,,,,,,,,,
take_capital_small_earlygame_setup;Demand that $RECIPIENT$ secede territory.;;;;;;;;;;;,,,,,,,,,,,,,,,,,,,,,,,,,,,,,,,,,,,,,,,,,,,,,,,,,,,,,,,,,,,,,,,,,,,,,,,,,,,,,,,,
take_capital_medium_earlygame;Take Medium Capital Earlygame (66);;;;;;;;;;;,,,,,,,,,,,,,,,,,,,,,,,,,,,,,,,,,,,,,,,,,,,,,,,,,,,,,,,,,,,,,,,,,,,,,,,,,,,,,,,,
take_capital_medium_earlygame_short;(66) $STATE$;;;;;;;;;;;,,,,,,,,,,,,,,,,,,,,,,,,,,,,,,,,,,,,,,,,,,,,,,,,,,,,,,,,,,,,,,,,,,,,,,,,,,,,,,,,
take_capital_medium_earlygame_desc;This CB fixes the warscore value in order to keep warscore values consistent and prevent exploits. These values are halved during Great Wars.;;;;;;;;;;;,,,,,,,,,,,,,,,,,,,,,,,,,,,,,,,,,,,,,,,,,,,,,,,,,,,,,,,,,,,,,,,,,,,,,,,,,,,,,,,,
take_capital_medium_earlygame_setup;Demand that $RECIPIENT$ secede territory.;;;;;;;;;;;,,,,,,,,,,,,,,,,,,,,,,,,,,,,,,,,,,,,,,,,,,,,,,,,,,,,,,,,,,,,,,,,,,,,,,,,,,,,,,,,
take_capital_large_earlygame;Take Large Capital Earlygame (75);;;;;;;;;;;,,,,,,,,,,,,,,,,,,,,,,,,,,,,,,,,,,,,,,,,,,,,,,,,,,,,,,,,,,,,,,,,,,,,,,,,,,,,,,,,
take_capital_large_earlygame_short;(75) $STATE$;;;;;;;;;;;,,,,,,,,,,,,,,,,,,,,,,,,,,,,,,,,,,,,,,,,,,,,,,,,,,,,,,,,,,,,,,,,,,,,,,,,,,,,,,,,
take_capital_large_earlygame_desc;This CB fixes the warscore value in order to keep warscore values consistent and prevent exploits. These values are halved during Great Wars.;;;;;;;;;;;,,,,,,,,,,,,,,,,,,,,,,,,,,,,,,,,,,,,,,,,,,,,,,,,,,,,,,,,,,,,,,,,,,,,,,,,,,,,,,,,
take_capital_large_earlygame_setup;Demand that $RECIPIENT$ secede territory.;;;;;;;;;;;,,,,,,,,,,,,,,,,,,,,,,,,,,,,,,,,,,,,,,,,,,,,,,,,,,,,,,,,,,,,,,,,,,,,,,,,,,,,,,,,
take_capital_huge_earlygame;Take Huge Capital Earlygame (85);;;;;;;;;;;,,,,,,,,,,,,,,,,,,,,,,,,,,,,,,,,,,,,,,,,,,,,,,,,,,,,,,,,,,,,,,,,,,,,,,,,,,,,,,,,
take_capital_huge_earlygame_short;(85) $STATE$;;;;;;;;;;;,,,,,,,,,,,,,,,,,,,,,,,,,,,,,,,,,,,,,,,,,,,,,,,,,,,,,,,,,,,,,,,,,,,,,,,,,,,,,,,,
take_capital_huge_earlygame_desc;This CB fixes the warscore value in order to keep warscore values consistent and prevent exploits. These values are halved during Great Wars.;;;;;;;;;;;,,,,,,,,,,,,,,,,,,,,,,,,,,,,,,,,,,,,,,,,,,,,,,,,,,,,,,,,,,,,,,,,,,,,,,,,,,,,,,,,
take_capital_huge_earlygame_setup;Demand that $RECIPIENT$ secede territory.;;;;;;;;;;;,,,,,,,,,,,,,,,,,,,,,,,,,,,,,,,,,,,,,,,,,,,,,,,,,,,,,,,,,,,,,,,,,,,,,,,,,,,,,,,,
take_capital_small_midgame;Take Small Capital Midgame (50);;;;;;;;;;;,,,,,,,,,,,,,,,,,,,,,,,,,,,,,,,,,,,,,,,,,,,,,,,,,,,,,,,,,,,,,,,,,,,,,,,,,,,,,,,,
take_capital_small_midgame_short;(50) $STATE$;;;;;;;;;;;,,,,,,,,,,,,,,,,,,,,,,,,,,,,,,,,,,,,,,,,,,,,,,,,,,,,,,,,,,,,,,,,,,,,,,,,,,,,,,,,
take_capital_small_midgame_desc;This CB fixes the warscore value in order to keep warscore values consistent and prevent exploits. These values are halved during Great Wars.;;;;;;;;;;;,,,,,,,,,,,,,,,,,,,,,,,,,,,,,,,,,,,,,,,,,,,,,,,,,,,,,,,,,,,,,,,,,,,,,,,,,,,,,,,,
take_capital_small_midgame_setup;Demand that $RECIPIENT$ secede territory.;;;;;;;;;;;,,,,,,,,,,,,,,,,,,,,,,,,,,,,,,,,,,,,,,,,,,,,,,,,,,,,,,,,,,,,,,,,,,,,,,,,,,,,,,,,
take_capital_medium_midgame;Take Medium Capital Midgame (60);;;;;;;;;;;,,,,,,,,,,,,,,,,,,,,,,,,,,,,,,,,,,,,,,,,,,,,,,,,,,,,,,,,,,,,,,,,,,,,,,,,,,,,,,,,
take_capital_medium_midgame_short;(60) $STATE$;;;;;;;;;;;,,,,,,,,,,,,,,,,,,,,,,,,,,,,,,,,,,,,,,,,,,,,,,,,,,,,,,,,,,,,,,,,,,,,,,,,,,,,,,,,
take_capital_medium_midgame_desc;This CB fixes the warscore value in order to keep warscore values consistent and prevent exploits. These values are halved during Great Wars.;;;;;;;;;;;,,,,,,,,,,,,,,,,,,,,,,,,,,,,,,,,,,,,,,,,,,,,,,,,,,,,,,,,,,,,,,,,,,,,,,,,,,,,,,,,
take_capital_medium_midgame_setup;Demand that $RECIPIENT$ secede territory.;;;;;;;;;;;,,,,,,,,,,,,,,,,,,,,,,,,,,,,,,,,,,,,,,,,,,,,,,,,,,,,,,,,,,,,,,,,,,,,,,,,,,,,,,,,
take_capital_large_midgame;Take Large Capital Midgame (66);;;;;;;;;;;,,,,,,,,,,,,,,,,,,,,,,,,,,,,,,,,,,,,,,,,,,,,,,,,,,,,,,,,,,,,,,,,,,,,,,,,,,,,,,,,
take_capital_large_midgame_short;(66) $STATE$;;;;;;;;;;;,,,,,,,,,,,,,,,,,,,,,,,,,,,,,,,,,,,,,,,,,,,,,,,,,,,,,,,,,,,,,,,,,,,,,,,,,,,,,,,,
take_capital_large_midgame_desc;This CB fixes the warscore value in order to keep warscore values consistent and prevent exploits. These values are halved during Great Wars.;;;;;;;;;;;,,,,,,,,,,,,,,,,,,,,,,,,,,,,,,,,,,,,,,,,,,,,,,,,,,,,,,,,,,,,,,,,,,,,,,,,,,,,,,,,
take_capital_large_midgame_setup;Demand that $RECIPIENT$ secede territory.;;;;;;;;;;;,,,,,,,,,,,,,,,,,,,,,,,,,,,,,,,,,,,,,,,,,,,,,,,,,,,,,,,,,,,,,,,,,,,,,,,,,,,,,,,,
take_capital_huge_midgame;Take Huge Capital Midgame (75);;;;;;;;;;;,,,,,,,,,,,,,,,,,,,,,,,,,,,,,,,,,,,,,,,,,,,,,,,,,,,,,,,,,,,,,,,,,,,,,,,,,,,,,,,,
take_capital_huge_midgame_short;(75) $STATE$;;;;;;;;;;;,,,,,,,,,,,,,,,,,,,,,,,,,,,,,,,,,,,,,,,,,,,,,,,,,,,,,,,,,,,,,,,,,,,,,,,,,,,,,,,,
take_capital_huge_midgame_desc;This CB fixes the warscore value in order to keep warscore values consistent and prevent exploits. These values are halved during Great Wars.;;;;;;;;;;;,,,,,,,,,,,,,,,,,,,,,,,,,,,,,,,,,,,,,,,,,,,,,,,,,,,,,,,,,,,,,,,,,,,,,,,,,,,,,,,,
take_capital_huge_midgame_setup;Demand that $RECIPIENT$ secede territory.;;;;;;;;;;;,,,,,,,,,,,,,,,,,,,,,,,,,,,,,,,,,,,,,,,,,,,,,,,,,,,,,,,,,,,,,,,,,,,,,,,,,,,,,,,,
take_capital_small_lategame;Take Small Capital Lategame (40);;;;;;;;;;;,,,,,,,,,,,,,,,,,,,,,,,,,,,,,,,,,,,,,,,,,,,,,,,,,,,,,,,,,,,,,,,,,,,,,,,,,,,,,,,,
take_capital_small_lategame_short;(40) $STATE$;;;;;;;;;;;,,,,,,,,,,,,,,,,,,,,,,,,,,,,,,,,,,,,,,,,,,,,,,,,,,,,,,,,,,,,,,,,,,,,,,,,,,,,,,,,
take_capital_small_lategame_desc;This CB fixes the warscore value in order to keep warscore values consistent and prevent exploits. These values are halved during Great Wars.;;;;;;;;;;;,,,,,,,,,,,,,,,,,,,,,,,,,,,,,,,,,,,,,,,,,,,,,,,,,,,,,,,,,,,,,,,,,,,,,,,,,,,,,,,,
take_capital_small_lategame_setup;Demand that $RECIPIENT$ secede territory.;;;;;;;;;;;,,,,,,,,,,,,,,,,,,,,,,,,,,,,,,,,,,,,,,,,,,,,,,,,,,,,,,,,,,,,,,,,,,,,,,,,,,,,,,,,
take_capital_medium_lategame;Take Medium Capital Lategame (45);;;;;;;;;;;,,,,,,,,,,,,,,,,,,,,,,,,,,,,,,,,,,,,,,,,,,,,,,,,,,,,,,,,,,,,,,,,,,,,,,,,,,,,,,,,
take_capital_medium_lategame_short;(45) $STATE$;;;;;;;;;;;,,,,,,,,,,,,,,,,,,,,,,,,,,,,,,,,,,,,,,,,,,,,,,,,,,,,,,,,,,,,,,,,,,,,,,,,,,,,,,,,
take_capital_medium_lategame_desc;This CB fixes the warscore value in order to keep warscore values consistent and prevent exploits. These values are halved during Great Wars.;;;;;;;;;;;,,,,,,,,,,,,,,,,,,,,,,,,,,,,,,,,,,,,,,,,,,,,,,,,,,,,,,,,,,,,,,,,,,,,,,,,,,,,,,,,
take_capital_medium_lategame_setup;Demand that $RECIPIENT$ secede territory.;;;;;;;;;;;,,,,,,,,,,,,,,,,,,,,,,,,,,,,,,,,,,,,,,,,,,,,,,,,,,,,,,,,,,,,,,,,,,,,,,,,,,,,,,,,
take_capital_large_lategame;Take Large Capital Lategame (50);;;;;;;;;;;,,,,,,,,,,,,,,,,,,,,,,,,,,,,,,,,,,,,,,,,,,,,,,,,,,,,,,,,,,,,,,,,,,,,,,,,,,,,,,,,
take_capital_large_lategame_short;(50) $STATE$;;;;;;;;;;;,,,,,,,,,,,,,,,,,,,,,,,,,,,,,,,,,,,,,,,,,,,,,,,,,,,,,,,,,,,,,,,,,,,,,,,,,,,,,,,,
take_capital_large_lategame_desc;This CB fixes the warscore value in order to keep warscore values consistent and prevent exploits. These values are halved during Great Wars.;;;;;;;;;;;,,,,,,,,,,,,,,,,,,,,,,,,,,,,,,,,,,,,,,,,,,,,,,,,,,,,,,,,,,,,,,,,,,,,,,,,,,,,,,,,
take_capital_large_lategame_setup;Demand that $RECIPIENT$ secede territory.;;;;;;;;;;;,,,,,,,,,,,,,,,,,,,,,,,,,,,,,,,,,,,,,,,,,,,,,,,,,,,,,,,,,,,,,,,,,,,,,,,,,,,,,,,,
take_capital_huge_lategame;Take Huge Capital Lategame (55);;;;;;;;;;;,,,,,,,,,,,,,,,,,,,,,,,,,,,,,,,,,,,,,,,,,,,,,,,,,,,,,,,,,,,,,,,,,,,,,,,,,,,,,,,,
take_capital_huge_lategame_short;(55) $STATE$;;;;;;;;;;;,,,,,,,,,,,,,,,,,,,,,,,,,,,,,,,,,,,,,,,,,,,,,,,,,,,,,,,,,,,,,,,,,,,,,,,,,,,,,,,,
take_capital_huge_lategame_desc;This CB fixes the warscore value in order to keep warscore values consistent and prevent exploits. These values are halved during Great Wars.;;;;;;;;;;;,,,,,,,,,,,,,,,,,,,,,,,,,,,,,,,,,,,,,,,,,,,,,,,,,,,,,,,,,,,,,,,,,,,,,,,,,,,,,,,,
take_capital_huge_lategame_setup;Demand that $RECIPIENT$ secede territory.;;;;;;;;;;;,,,,,,,,,,,,,,,,,,,,,,,,,,,,,,,,,,,,,,,,,,,,,,,,,,,,,,,,,,,,,,,,,,,,,,,,,,,,,,,,
#############################################;;;;;;;;;;;;;;x,,,,,,,,,,,,,,,,,,,,,,,,,,,,,,,,,,,,,,,,,,,,,,,,,,,,,,,,,,,,,,,,,,,,,,,,,,,,,,,,